user_role,hour_of_day,day_of_week,geo_dist_km,device_posture,resource_type,req_velocity,session_dur_s,baseline_dev,label
operator,10,0,18.8,compliant,historian,6.02,95.3,0.17,0
auditor,12,1,41.7,unknown,config,1.89,160.5,0.36,0
engineer,14,4,655.9,compliant,PLC,5.01,43.8,0.72,0
engineer,13,4,154.9,unknown,historian,5.34,97.7,0.13,0
auditor,12,1,13.5,compliant,PLC,5.5,163.9,0.25,0
auditor,6,0,17.1,compliant,historian,5.12,303.9,0.62,1
operator,14,3,572.8,compliant,config,5.13,76.2,0.9,1
engineer,8,2,127.0,compliant,PLC,1.15,51.0,0.15,0
engineer,0,0,14.0,unknown,PLC,5.34,122.0,0.29,0
operator,7,5,8.8,compliant,historian,0.79,161.0,0.17,0
operator,14,2,8.1,compliant,config,3.63,258.2,0.26,0
auditor,9,2,31.7,unknown,historian,3.58,95.1,0.03,0
auditor,17,3,239.7,unknown,HMI,3.46,43.7,0.45,1
engineer,9,6,59.0,compliant,PLC,0.85,95.4,0.19,0
auditor,12,3,18.4,compliant,bulk_export,1.56,314.0,0.33,0
operator,6,0,66.5,unknown,bulk_export,16.75,991.0,0.61,1
auditor,16,0,21.4,compliant,HMI,1.99,42.5,0.33,0
auditor,6,6,60.4,compliant,config,7.47,66.5,0.59,1
auditor,14,5,8.5,unknown,historian,3.63,325.1,0.25,0
engineer,11,5,53.1,compliant,HMI,3.24,54.5,0.08,0
engineer,16,1,81.0,compliant,historian,3.94,87.1,0.09,0
engineer,12,6,89.4,compliant,historian,3.58,131.5,0.25,0
auditor,11,3,45.2,compliant,HMI,2.27,92.8,0.09,0
engineer,12,5,25.4,compliant,PLC,1.17,71.7,0.02,0
operator,16,1,8.7,compliant,bulk_export,6.14,379.5,0.08,0
auditor,9,3,0.1,compliant,bulk_export,4.82,321.7,0.3,0
auditor,11,4,40.8,compliant,config,5.26,181.7,0.33,0
operator,4,2,15.7,unknown,historian,3.47,230.5,0.57,1
auditor,12,4,7.6,compliant,bulk_export,3.55,217.2,0.06,0
engineer,12,1,94.9,compliant,historian,1.3,352.5,0.26,0
auditor,17,3,12.7,compliant,HMI,2.92,28.9,0.3,0
operator,3,2,19.4,compliant,HMI,8.6,82.6,0.49,0
engineer,18,3,25.4,unknown,PLC,5.58,29.1,0.44,1
operator,9,1,547.5,compliant,historian,4.03,186.2,0.6,1
engineer,16,3,12.3,compliant,PLC,4.8,143.3,0.18,0
engineer,13,4,63.5,compliant,HMI,2.69,46.2,0.39,0
engineer,15,1,155.8,compliant,historian,2.91,278.3,0.23,0
engineer,9,4,40.0,compliant,PLC,4.04,93.9,0.36,0
operator,17,4,3.4,compliant,PLC,5.04,181.5,0.41,0
auditor,9,2,35.1,unknown,config,3.32,221.5,0.23,0
engineer,17,3,111.0,compliant,historian,2.1,157.5,0.12,0
engineer,15,3,47.5,unknown,historian,1.5,247.7,0.35,0
engineer,12,3,30.2,unknown,bulk_export,12.32,1362.9,0.88,1
auditor,13,3,19.1,compliant,config,0.6,121.1,0.36,0
engineer,12,0,11.9,compliant,PLC,3.57,108.8,0.28,0
auditor,12,2,46.7,compliant,historian,0.48,201.3,0.31,0
engineer,14,1,25.7,compliant,HMI,2.96,23.1,0.05,0
operator,18,2,105.2,unknown,bulk_export,11.03,741.1,0.61,1
engineer,12,5,76.2,compliant,historian,0.95,201.5,0.21,0
auditor,17,0,40.3,compliant,PLC,5.46,131.5,0.45,0
auditor,11,2,27.6,compliant,HMI,6.26,108.8,0.17,0
operator,17,2,27.4,compliant,historian,3.53,263.1,0.15,0
engineer,12,4,109.0,compliant,historian,4.47,78.5,0.45,0
engineer,9,4,136.2,compliant,historian,4.43,196.1,0.3,0
operator,2,4,26.1,unknown,PLC,2.9,84.2,0.24,1
engineer,16,0,149.4,compliant,historian,5.21,87.8,0.29,0
auditor,13,5,13.4,compliant,bulk_export,1.66,260.5,0.35,0
operator,10,0,411.6,compliant,config,5.09,97.4,0.68,1
auditor,13,4,27.7,compliant,historian,6.47,383.3,0.22,0
operator,17,1,1.3,compliant,config,3.79,217.7,0.4,0
engineer,13,6,55.8,compliant,historian,1.05,214.4,0.29,0
operator,14,2,35.1,compliant,PLC,2.78,101.6,0.13,0
operator,14,2,166.1,compliant,PLC,5.91,50.1,0.89,1
auditor,9,3,19.4,compliant,bulk_export,3.49,270.5,0.06,0
engineer,16,2,117.0,compliant,HMI,1.07,126.4,0.0,0
auditor,12,2,38.5,compliant,PLC,5.69,93.6,0.12,0
engineer,17,0,73.8,unknown,PLC,4.66,103.6,0.39,0
auditor,12,4,31.9,compliant,bulk_export,0.79,316.3,0.02,0
operator,18,3,35.5,compliant,historian,1.12,400.0,0.07,0
operator,11,0,28.7,unknown,PLC,3.5,38.7,0.43,0
engineer,15,0,97.1,unknown,HMI,2.08,36.5,0.27,0
engineer,0,0,61.5,compliant,HMI,2.67,110.0,0.44,0
auditor,6,3,34.2,unknown,historian,9.16,76.7,0.41,1
engineer,7,3,90.0,compliant,HMI,0.65,28.5,0.35,0
engineer,16,3,78.5,compliant,HMI,2.72,92.5,0.39,0
engineer,12,2,619.7,compliant,config,1.18,71.5,0.75,1
operator,10,4,34.6,unknown,HMI,4.36,57.3,0.14,0
engineer,10,4,14.1,unknown,PLC,3.1,58.6,0.03,0
engineer,3,1,73.7,compliant,config,3.39,168.7,0.04,0
engineer,10,0,95.5,compliant,config,1.46,63.9,0.35,0
auditor,12,3,53.1,unknown,bulk_export,6.07,494.4,0.72,1
operator,1,2,23.1,compliant,HMI,5.51,71.5,0.08,0
auditor,14,2,26.4,compliant,bulk_export,4.43,310.0,0.41,0
engineer,10,6,81.0,compliant,PLC,2.75,81.4,0.26,0
engineer,13,0,200.9,compliant,PLC,5.41,125.9,0.73,1
operator,12,0,26.9,compliant,config,5.68,66.8,0.09,0
engineer,12,1,45.5,compliant,historian,5.77,197.8,0.07,0
auditor,9,1,1.8,compliant,historian,6.33,174.8,0.18,0
operator,14,2,31.2,compliant,bulk_export,6.42,520.4,0.01,0
engineer,18,2,12.3,compliant,config,8.94,206.7,0.61,1
operator,11,3,22.6,compliant,bulk_export,5.57,930.5,0.68,1
auditor,16,0,75.5,unknown,bulk_export,14.43,1524.0,0.53,1
auditor,9,4,28.0,compliant,bulk_export,3.67,718.0,0.22,0
engineer,13,1,35.6,compliant,HMI,3.33,36.1,0.18,0
engineer,5,0,40.9,unknown,bulk_export,4.68,498.0,0.69,1
auditor,11,2,14.5,compliant,PLC,3.07,89.6,0.3,0
auditor,14,1,35.4,compliant,config,4.52,150.8,0.0,0
auditor,17,3,64.7,compliant,HMI,2.3,28.2,0.02,0
auditor,10,4,30.3,compliant,bulk_export,4.17,172.8,0.26,0
auditor,12,0,109.2,unknown,bulk_export,5.78,1350.5,0.52,1
auditor,10,3,60.2,compliant,bulk_export,5.51,483.7,0.41,0
engineer,14,4,106.6,compliant,PLC,3.5,116.0,0.19,0
engineer,10,2,127.6,compliant,historian,3.62,187.3,0.04,0
operator,13,2,37.8,compliant,bulk_export,18.18,1195.6,0.85,1
operator,10,4,29.8,unknown,bulk_export,21.05,513.5,0.6,1
engineer,10,3,15.2,compliant,config,1.53,198.5,0.03,0
engineer,14,4,34.3,compliant,bulk_export,16.52,664.8,0.88,1
auditor,17,0,11.5,compliant,PLC,1.3,68.8,0.28,0
operator,10,1,37.3,compliant,historian,5.0,303.8,0.34,0
engineer,15,0,150.7,compliant,historian,3.58,105.2,0.41,0
engineer,12,1,133.8,compliant,HMI,1.06,81.1,0.08,0
operator,16,1,12.6,compliant,HMI,3.35,62.5,0.22,0
engineer,9,2,109.1,compliant,historian,2.71,74.8,0.3,0
engineer,15,2,42.5,unknown,historian,2.65,318.2,0.31,0
auditor,14,0,30.5,compliant,bulk_export,6.77,578.9,0.04,0
engineer,8,4,13.0,unknown,config,2.63,191.0,0.42,0
auditor,15,2,9.7,compliant,config,3.13,306.8,0.02,0
auditor,11,3,11.9,compliant,config,3.68,86.3,0.41,1
auditor,12,1,20.3,unknown,bulk_export,4.63,431.6,0.25,0
operator,6,1,1.4,compliant,PLC,3.96,97.9,0.04,0
operator,15,5,30.9,compliant,HMI,1.0,39.0,0.4,0
operator,8,2,31.6,compliant,historian,1.33,287.3,0.42,0
auditor,10,2,47.3,compliant,bulk_export,4.04,558.8,0.35,1
operator,16,2,17.7,compliant,bulk_export,1.17,601.5,0.1,0
engineer,10,2,11.3,unknown,HMI,1.5,94.0,0.27,1
auditor,16,3,43.2,compliant,bulk_export,5.83,396.0,0.11,0
operator,6,0,24.1,compliant,historian,2.58,296.5,0.2,0
auditor,15,2,19.2,compliant,PLC,5.34,89.5,0.33,0
operator,16,1,14.6,unknown,historian,3.91,397.9,0.42,0
auditor,20,2,0.9,compliant,config,8.52,177.0,0.55,1
engineer,16,4,102.2,compliant,bulk_export,5.63,249.0,0.29,0
auditor,14,3,22.6,compliant,config,0.67,55.8,0.1,0
operator,21,2,19.6,compliant,bulk_export,2.32,254.8,0.59,1
operator,14,2,21.8,compliant,historian,2.74,138.4,0.19,0
auditor,16,4,54.3,compliant,historian,1.74,159.9,0.01,0
engineer,10,0,93.9,compliant,HMI,3.74,38.1,0.25,0
operator,18,0,26.9,compliant,HMI,1.16,70.9,0.09,0
auditor,14,1,57.5,compliant,PLC,2.29,32.0,0.31,0
auditor,11,1,559.0,unknown,config,2.85,257.8,0.77,1
auditor,14,5,29.4,compliant,bulk_export,5.9,332.2,0.31,0
engineer,13,3,144.2,compliant,HMI,3.14,87.8,0.33,0
auditor,10,0,8.8,compliant,bulk_export,1.12,313.3,0.18,0
operator,14,6,13.9,compliant,PLC,5.82,94.0,0.01,0
engineer,10,6,78.2,compliant,config,4.51,174.5,0.31,1
operator,11,4,6.8,compliant,historian,5.28,92.7,0.04,0
operator,13,2,25.4,compliant,historian,2.49,133.8,0.16,1
operator,1,1,12.8,compliant,PLC,1.34,39.2,0.28,0
operator,6,3,35.5,compliant,bulk_export,4.85,537.5,0.41,0
auditor,15,6,52.3,unknown,config,2.28,254.7,0.14,0
auditor,12,4,7.8,compliant,config,0.65,288.6,0.21,0
engineer,22,0,5.5,compliant,historian,4.01,274.5,0.38,0
auditor,17,3,16.7,compliant,HMI,3.16,34.9,0.21,0
auditor,12,4,26.6,compliant,HMI,4.66,95.3,0.07,0
auditor,17,2,76.5,compliant,bulk_export,14.04,514.3,0.94,1
engineer,16,1,24.0,compliant,HMI,4.95,63.0,0.38,0
engineer,21,3,4.4,unknown,historian,2.79,102.9,0.28,0
operator,15,3,5.2,compliant,HMI,0.98,49.4,0.13,0
operator,15,0,26.4,compliant,historian,4.93,86.7,0.15,0
operator,16,4,30.5,compliant,HMI,0.95,26.6,0.23,0
auditor,17,0,14.9,unknown,bulk_export,15.43,1456.8,0.61,1
engineer,10,3,99.5,compliant,historian,2.98,359.4,0.39,0
engineer,9,6,95.3,compliant,HMI,0.64,126.6,0.35,0
engineer,10,2,43.3,compliant,bulk_export,7.22,369.9,0.89,1
engineer,14,4,448.6,compliant,historian,2.71,206.5,0.4,1
auditor,9,2,26.8,compliant,PLC,0.56,167.4,0.32,0
auditor,16,1,3.1,compliant,bulk_export,2.06,568.5,0.28,0
auditor,7,4,49.3,compliant,PLC,2.03,37.0,0.72,1
engineer,22,0,95.2,unknown,historian,2.67,388.6,0.13,0
engineer,15,1,115.7,compliant,historian,1.18,122.3,0.41,0
engineer,12,2,58.1,compliant,historian,2.76,106.3,0.23,0
auditor,9,4,27.2,unknown,historian,1.44,73.5,0.32,0
operator,20,1,16.0,compliant,HMI,4.87,24.7,0.07,1
auditor,13,4,16.0,compliant,bulk_export,2.62,617.5,0.17,0
auditor,13,1,7.4,compliant,bulk_export,3.22,210.4,0.27,0
engineer,16,0,666.4,compliant,PLC,1.95,133.2,0.76,1
auditor,15,3,293.5,unknown,historian,5.65,296.1,0.68,0
auditor,14,1,320.4,compliant,historian,4.16,350.7,0.79,1
auditor,12,2,30.7,compliant,config,2.31,187.3,0.39,0
auditor,19,4,5.8,compliant,HMI,5.29,87.3,0.66,1
engineer,12,0,61.1,compliant,historian,1.48,139.3,0.0,1
operator,14,0,5.3,compliant,historian,2.47,254.8,0.01,0
operator,18,4,18.7,compliant,PLC,3.76,82.9,0.22,0
operator,6,1,17.3,compliant,config,3.95,158.2,0.39,0
auditor,9,3,60.9,unknown,bulk_export,1.52,619.0,0.43,1
auditor,16,6,26.0,compliant,bulk_export,4.9,309.7,0.4,0
auditor,12,0,12.7,compliant,PLC,0.47,172.2,0.33,0
operator,16,1,513.0,compliant,config,4.73,88.5,0.47,1
auditor,17,3,20.8,unknown,historian,2.83,333.0,0.12,0
auditor,16,1,221.9,unknown,historian,6.44,280.1,0.45,1
operator,8,3,386.3,compliant,historian,2.59,203.9,0.44,1
auditor,11,1,60.6,unknown,bulk_export,4.92,566.6,0.02,0
auditor,16,5,32.0,compliant,historian,0.84,416.7,0.43,0
engineer,9,4,108.4,compliant,HMI,3.18,68.9,0.28,0
auditor,10,4,59.1,compliant,config,3.98,95.6,0.12,0
auditor,16,0,9.6,unknown,HMI,2.8,25.2,0.27,0
operator,7,2,13.1,compliant,bulk_export,2.86,575.1,0.4,0
operator,11,0,19.2,unknown,bulk_export,4.89,482.7,0.78,1
auditor,15,4,27.4,compliant,historian,2.49,226.8,0.42,0
operator,7,0,321.2,compliant,PLC,2.84,149.5,0.7,1
operator,7,4,9.4,compliant,bulk_export,7.4,1366.3,0.73,1
operator,18,4,4.2,compliant,historian,1.54,331.8,0.04,0
auditor,7,1,37.5,compliant,config,4.45,232.8,0.67,1
auditor,14,3,0.3,compliant,historian,4.69,280.1,0.28,0
auditor,14,2,493.9,compliant,PLC,7.63,164.9,0.81,0
auditor,15,4,5.0,compliant,bulk_export,4.04,690.1,0.29,0
auditor,20,3,48.6,unknown,PLC,6.28,121.1,0.64,0
engineer,8,3,79.3,compliant,PLC,4.84,131.2,0.25,0
operator,16,3,35.4,compliant,config,5.97,143.1,0.44,0
auditor,15,2,24.9,compliant,PLC,2.02,107.7,0.05,0
auditor,11,3,28.8,compliant,bulk_export,4.82,245.6,0.37,0
engineer,11,1,146.0,compliant,historian,0.87,349.3,0.07,0
operator,4,3,21.9,unknown,PLC,3.53,102.4,0.45,0
auditor,16,0,21.6,compliant,bulk_export,4.21,304.1,0.24,0
auditor,12,6,22.2,compliant,historian,2.29,92.3,0.36,0
auditor,9,2,19.6,compliant,bulk_export,2.11,379.9,0.03,0
operator,2,4,5.6,unknown,config,2.7,291.2,0.19,0
auditor,16,1,13.4,compliant,historian,3.72,112.5,0.22,1
auditor,5,2,0.7,compliant,config,3.9,280.8,0.32,0
auditor,16,3,2.1,compliant,HMI,1.16,72.1,0.14,1
operator,9,2,12.1,compliant,historian,5.64,392.6,0.02,0
engineer,8,1,112.1,unknown,PLC,5.45,39.7,0.28,0
auditor,4,0,41.0,unknown,config,4.39,185.3,0.2,0
operator,18,3,23.3,compliant,historian,4.76,159.0,0.1,0
auditor,17,5,22.2,compliant,HMI,5.1,118.0,0.17,1
engineer,10,2,50.8,unknown,historian,4.18,428.5,0.39,0
auditor,16,3,25.0,compliant,config,5.16,155.0,0.01,0
engineer,20,3,136.6,compliant,historian,1.8,125.3,0.15,0
auditor,14,0,18.9,unknown,config,0.92,243.7,0.02,0
engineer,9,3,78.9,compliant,HMI,0.88,31.0,0.38,0
engineer,16,1,4.1,compliant,HMI,2.15,82.4,0.35,0
operator,18,3,11.2,compliant,config,2.52,117.0,0.39,1
auditor,15,3,36.5,compliant,config,1.95,179.6,0.11,0
auditor,15,0,35.2,compliant,bulk_export,5.0,474.2,0.04,0
auditor,10,0,49.3,compliant,PLC,1.3,176.1,0.09,0
auditor,13,4,2.2,compliant,PLC,4.66,92.1,0.42,0
operator,12,6,1.5,compliant,config,1.52,294.6,0.13,0
engineer,16,4,76.7,compliant,historian,4.73,188.2,0.45,0
auditor,13,3,0.4,compliant,config,2.45,268.6,0.26,0
operator,9,1,106.0,unknown,bulk_export,15.06,1519.2,0.67,1
auditor,11,6,12.7,compliant,config,4.2,118.5,0.1,0
engineer,16,1,53.1,compliant,config,3.83,94.1,0.17,0
operator,19,4,0.6,compliant,bulk_export,7.03,662.9,0.7,1
auditor,10,1,22.3,compliant,bulk_export,2.47,700.4,0.31,0
auditor,11,3,48.3,unknown,config,5.03,175.3,0.4,0
operator,18,3,17.6,compliant,config,1.71,86.7,0.09,0
engineer,0,0,79.1,compliant,config,1.18,282.8,0.18,0
operator,11,1,22.6,compliant,historian,2.52,136.4,0.2,0
operator,8,1,1.3,compliant,PLC,1.43,161.9,0.05,0
auditor,23,0,0.7,compliant,historian,0.98,262.9,0.39,1
auditor,12,4,478.5,compliant,historian,5.07,86.4,0.89,1
auditor,11,1,30.6,compliant,historian,2.31,222.2,0.23,0
auditor,17,3,47.0,unknown,historian,1.04,188.6,0.06,0
auditor,13,3,59.1,compliant,bulk_export,5.72,430.5,0.01,0
auditor,19,3,41.7,compliant,PLC,7.76,43.8,0.67,1
operator,15,0,6.3,compliant,HMI,1.43,85.2,0.35,0
auditor,17,4,502.5,compliant,config,1.11,272.4,0.4,1
engineer,14,1,51.7,compliant,PLC,2.14,172.5,0.04,0
auditor,13,3,22.8,unknown,bulk_export,2.46,615.5,0.09,0
engineer,8,2,63.8,compliant,PLC,4.85,183.1,0.16,0
operator,18,0,12.6,compliant,PLC,4.65,76.4,0.42,0
auditor,17,2,61.6,compliant,bulk_export,4.13,476.6,0.29,0
operator,8,3,37.6,compliant,historian,4.23,282.0,0.08,0
auditor,15,2,37.3,compliant,historian,5.2,284.3,0.16,0
operator,7,4,28.3,compliant,historian,5.36,113.8,0.2,0
auditor,15,3,2.0,compliant,PLC,5.15,62.4,0.43,0
engineer,10,0,29.2,compliant,config,2.85,251.2,0.22,0
auditor,16,0,4.4,compliant,HMI,3.73,99.7,0.17,0
operator,17,1,1.2,compliant,HMI,0.6,72.5,0.02,0
engineer,10,0,47.5,compliant,historian,4.02,193.6,0.15,0
operator,9,3,477.2,compliant,HMI,1.06,82.0,0.83,1
auditor,15,5,35.9,compliant,bulk_export,2.3,446.3,0.04,0
operator,9,0,38.5,compliant,historian,5.1,349.2,0.44,0
engineer,6,4,45.8,compliant,HMI,3.65,129.7,0.08,1
engineer,5,4,155.7,compliant,historian,3.39,314.9,0.42,0
engineer,8,1,143.7,compliant,HMI,0.88,43.2,0.37,0
auditor,10,2,43.4,compliant,bulk_export,1.45,665.7,0.01,0
engineer,17,2,158.0,compliant,config,3.36,78.4,0.28,0
operator,8,0,24.7,compliant,historian,1.64,381.2,0.18,0
operator,13,0,28.4,compliant,historian,3.79,349.4,0.23,0
auditor,15,1,46.3,compliant,bulk_export,1.72,507.1,0.1,0
auditor,13,1,47.6,compliant,bulk_export,3.91,506.6,0.01,0
auditor,16,2,6.3,compliant,bulk_export,2.83,488.4,0.12,0
auditor,14,3,9.5,compliant,config,4.07,74.2,0.4,1
auditor,10,3,36.5,compliant,HMI,4.25,27.5,0.04,0
operator,13,4,30.3,compliant,historian,5.05,141.6,0.18,0
auditor,13,0,19.7,compliant,HMI,2.8,84.8,0.23,0
engineer,10,4,33.8,compliant,PLC,4.57,158.8,0.27,0
auditor,12,4,54.3,compliant,bulk_export,1.38,430.7,0.19,0
engineer,16,4,10.5,compliant,HMI,3.45,41.6,0.09,0
auditor,10,0,35.7,compliant,bulk_export,4.07,311.9,0.13,0
auditor,15,3,63.9,unknown,bulk_export,2.3,416.4,0.45,0
auditor,10,3,55.5,compliant,HMI,3.07,18.9,0.22,0
auditor,10,0,9.5,compliant,bulk_export,4.66,616.1,0.42,0
auditor,17,3,4.7,compliant,bulk_export,1.87,556.0,0.08,0
engineer,14,0,79.8,compliant,HMI,1.22,98.1,0.14,0
operator,18,4,42.2,unknown,historian,4.87,331.6,0.34,0
operator,17,2,16.1,compliant,HMI,2.88,43.0,0.38,0
auditor,16,0,383.5,compliant,PLC,2.67,56.6,0.55,1
operator,7,1,15.6,compliant,bulk_export,1.06,585.9,0.22,0
operator,7,3,420.8,compliant,config,6.22,60.3,0.63,1
operator,13,0,36.0,unknown,historian,0.93,347.3,0.18,0
auditor,6,0,21.9,compliant,config,2.71,98.2,0.44,1
engineer,8,3,53.1,compliant,config,4.36,258.5,0.32,1
operator,8,3,30.9,compliant,PLC,6.03,194.7,0.01,0
operator,7,1,33.0,compliant,bulk_export,6.43,1088.6,0.94,1
engineer,8,3,27.1,compliant,historian,1.51,225.9,0.11,0
engineer,16,2,101.3,compliant,PLC,4.42,129.1,0.42,0
engineer,10,2,19.1,compliant,PLC,4.17,70.2,0.1,0
operator,13,4,36.5,compliant,config,4.74,126.0,0.05,0
engineer,12,1,5.3,compliant,HMI,4.96,70.9,0.43,1
engineer,15,0,32.1,compliant,historian,1.49,252.2,0.41,0
operator,12,4,29.4,compliant,PLC,3.09,81.9,0.33,0
engineer,8,4,60.6,compliant,HMI,3.79,92.4,0.12,0
auditor,7,4,20.6,compliant,HMI,10.36,104.0,0.84,1
operator,10,4,8.4,compliant,config,5.93,313.5,0.12,0
auditor,15,4,21.8,compliant,config,3.15,97.5,0.1,0
operator,18,1,416.1,compliant,HMI,1.62,53.2,0.42,1
auditor,14,0,61.5,unknown,config,1.77,96.2,0.31,0
auditor,7,4,13.4,compliant,bulk_export,6.82,499.4,0.62,1
auditor,14,5,21.7,compliant,historian,1.21,386.8,0.19,0
operator,14,4,37.0,unknown,PLC,0.99,45.3,0.43,0
operator,6,5,36.7,unknown,config,0.7,320.5,0.1,0
engineer,5,0,29.2,unknown,HMI,5.01,52.3,0.52,1
operator,8,3,6.3,compliant,historian,1.32,175.7,0.16,0
auditor,13,0,40.1,compliant,historian,1.97,128.2,0.4,0
engineer,15,3,11.1,compliant,historian,4.49,116.4,0.2,0
auditor,14,2,30.4,compliant,bulk_export,1.98,262.4,0.35,0
engineer,8,1,54.8,compliant,config,3.56,234.1,0.4,0
operator,11,1,40.0,compliant,historian,1.72,120.7,0.03,0
engineer,17,5,59.1,compliant,historian,5.61,282.7,0.33,0
engineer,16,6,60.3,compliant,historian,1.06,236.9,0.42,0
operator,17,2,33.0,compliant,HMI,5.56,58.4,0.43,1
engineer,11,1,74.2,compliant,HMI,4.96,53.7,0.28,0
operator,13,2,17.9,compliant,historian,5.61,162.1,0.15,0
engineer,20,3,45.0,compliant,historian,5.4,261.0,0.44,0
engineer,15,4,44.8,compliant,HMI,1.01,42.9,0.17,0
operator,10,4,13.9,compliant,HMI,3.69,85.2,0.21,0
operator,13,1,33.6,compliant,PLC,0.9,135.2,0.21,0
engineer,15,0,23.2,compliant,config,2.04,111.4,0.0,0
operator,3,3,10.0,compliant,PLC,6.95,173.8,0.8,1
engineer,12,2,60.6,compliant,bulk_export,13.74,434.6,0.87,1
operator,18,6,25.5,compliant,HMI,1.52,30.3,0.06,0
operator,10,4,38.9,unknown,historian,0.94,248.3,0.23,1
engineer,18,2,60.2,unknown,HMI,3.79,62.6,0.24,0
auditor,2,1,34.5,compliant,config,1.79,290.5,0.2,0
operator,8,2,38.3,compliant,historian,4.51,94.8,0.37,0
engineer,10,2,267.9,unknown,config,2.9,207.0,0.87,0
engineer,15,5,61.0,compliant,historian,1.51,182.1,0.25,0
operator,14,1,7.5,compliant,HMI,3.97,104.1,0.45,0
operator,19,0,20.0,unknown,bulk_export,5.11,475.5,0.48,1
operator,17,2,12.2,compliant,PLC,5.89,112.7,0.03,0
engineer,13,4,103.9,compliant,PLC,0.62,190.3,0.14,0
operator,10,3,12.6,compliant,HMI,3.48,44.3,0.34,0
engineer,8,1,13.9,compliant,bulk_export,10.13,816.5,0.58,1
engineer,9,3,42.5,compliant,PLC,1.89,105.4,0.3,0
engineer,20,2,61.8,compliant,PLC,6.53,106.1,0.82,1
engineer,11,2,28.0,compliant,bulk_export,13.26,1434.9,0.66,1
engineer,9,0,24.2,unknown,PLC,5.36,61.5,0.38,1
engineer,5,1,33.7,compliant,bulk_export,7.85,694.3,0.49,1
auditor,12,3,594.1,compliant,historian,5.78,285.6,0.49,1
auditor,5,1,34.1,unknown,historian,2.27,95.8,0.02,0
operator,12,3,41.9,unknown,historian,2.27,141.3,0.18,0
engineer,8,3,151.7,compliant,config,2.03,125.3,0.01,0
operator,21,3,38.5,compliant,bulk_export,8.09,456.8,0.83,1
auditor,9,0,20.8,compliant,bulk_export,8.12,463.6,0.84,1
engineer,9,1,77.4,unknown,HMI,2.71,104.3,0.35,0
operator,11,2,31.6,compliant,PLC,3.2,121.0,0.25,0
engineer,9,3,40.9,compliant,HMI,3.93,51.5,0.44,0
operator,16,3,1.4,unknown,PLC,3.93,57.7,0.42,0
engineer,23,1,23.3,compliant,historian,1.37,322.1,0.41,0
auditor,10,0,36.6,compliant,bulk_export,0.59,631.5,0.09,0
operator,12,4,32.8,compliant,HMI,5.3,111.0,0.2,0
auditor,11,1,9.1,unknown,config,4.21,170.8,0.22,0
operator,15,4,83.2,compliant,bulk_export,7.85,1355.3,0.98,1
operator,17,2,91.7,unknown,bulk_export,14.82,691.9,0.68,1
operator,16,2,27.9,unknown,HMI,0.57,66.2,0.42,0
operator,7,2,14.9,compliant,bulk_export,16.86,508.6,0.95,1
engineer,11,1,17.9,compliant,HMI,2.83,67.8,0.3,0
operator,14,1,3.8,compliant,HMI,1.18,102.4,0.11,1
auditor,15,0,257.4,compliant,HMI,4.28,59.7,0.43,1
engineer,10,1,60.6,unknown,HMI,3.29,94.1,0.29,0
engineer,20,2,14.8,compliant,PLC,3.71,65.4,0.33,0
auditor,6,5,17.9,compliant,bulk_export,1.82,190.8,0.69,1
engineer,12,0,111.6,compliant,config,1.96,219.9,0.24,0
auditor,15,0,62.5,compliant,HMI,0.61,27.7,0.19,0
auditor,17,3,51.4,compliant,PLC,4.55,114.8,0.26,0
auditor,11,1,67.0,compliant,bulk_export,2.01,374.2,0.39,0
auditor,11,2,19.3,compliant,HMI,5.78,21.3,0.33,0
auditor,11,4,18.0,compliant,config,3.61,120.2,0.26,0
engineer,19,5,6.4,compliant,config,3.87,285.7,0.79,1
engineer,11,2,52.5,unknown,HMI,1.86,28.7,0.24,0
engineer,14,2,142.5,unknown,historian,4.13,121.0,0.35,0
engineer,15,4,106.0,compliant,HMI,0.93,35.0,0.27,0
engineer,11,3,108.4,compliant,bulk_export,4.43,486.5,0.2,0
engineer,9,2,68.6,compliant,HMI,3.43,28.5,0.44,0
operator,13,4,14.9,unknown,bulk_export,8.71,1324.6,0.91,0
operator,10,5,12.5,compliant,HMI,1.87,30.6,0.01,0
engineer,7,3,5.0,compliant,HMI,1.83,30.4,0.58,1
auditor,18,0,27.8,compliant,historian,5.0,170.7,0.69,1
operator,4,6,53.3,compliant,PLC,5.16,47.3,0.62,1
auditor,11,2,42.2,compliant,config,0.99,60.0,0.41,0
auditor,11,1,46.6,unknown,bulk_export,4.57,653.8,0.81,0
operator,10,2,31.4,compliant,HMI,3.63,67.6,0.23,0
engineer,14,1,51.7,compliant,HMI,0.91,27.1,0.16,0
operator,10,2,14.4,compliant,HMI,2.82,66.5,0.14,0
auditor,10,1,16.8,compliant,historian,3.15,171.4,0.23,0
auditor,12,4,545.0,compliant,historian,3.27,350.9,0.38,1
engineer,3,1,9.4,compliant,historian,2.81,434.4,0.22,0
auditor,18,3,31.4,compliant,PLC,7.86,70.6,0.61,1
operator,8,0,13.6,compliant,historian,1.74,207.8,0.45,0
operator,5,1,39.7,unknown,historian,6.44,290.6,0.41,0
operator,17,2,30.8,compliant,HMI,1.4,109.8,0.34,0
engineer,13,0,51.3,compliant,HMI,5.11,96.0,0.12,0
auditor,15,2,517.9,compliant,config,2.45,211.9,0.41,1
engineer,16,3,25.5,compliant,HMI,2.25,101.2,0.04,0
engineer,10,4,15.0,compliant,HMI,1.09,22.0,0.31,0
operator,16,4,1.7,compliant,historian,2.0,137.1,0.0,0
auditor,15,2,191.9,compliant,HMI,1.92,112.8,0.69,1
operator,14,6,33.7,compliant,historian,1.43,288.3,0.01,0
operator,7,4,10.4,compliant,historian,4.58,103.8,0.09,0
engineer,0,3,75.4,compliant,historian,3.95,295.8,0.04,0
engineer,12,1,41.3,compliant,config,4.78,134.3,0.35,0
operator,17,3,7.3,compliant,PLC,2.2,173.5,0.3,0
engineer,11,2,162.7,compliant,historian,2.62,425.5,0.36,0
engineer,5,2,14.6,compliant,bulk_export,7.7,728.3,0.8,1
engineer,14,4,28.9,compliant,PLC,5.07,124.9,0.29,0
auditor,11,3,54.1,compliant,config,2.98,244.8,0.33,0
operator,12,0,22.6,compliant,historian,2.52,201.4,0.14,0
auditor,17,2,25.2,unknown,bulk_export,1.35,296.8,0.34,0
engineer,16,0,353.7,compliant,config,3.89,213.5,0.38,1
auditor,15,4,9.1,compliant,HMI,1.57,61.5,0.14,0
engineer,9,3,54.2,unknown,bulk_export,6.92,1148.1,0.83,1
engineer,17,2,90.0,compliant,config,1.64,180.1,0.16,0
operator,6,3,39.8,compliant,historian,1.21,290.1,0.38,0
operator,13,4,19.3,compliant,PLC,4.79,67.7,0.15,0
operator,16,1,13.4,compliant,historian,5.91,237.1,0.04,0
engineer,11,0,0.0,compliant,historian,1.61,337.3,0.03,0
operator,5,1,22.0,compliant,bulk_export,8.07,196.7,0.84,1
operator,10,0,35.8,compliant,PLC,4.26,121.3,0.17,1
engineer,10,2,107.8,compliant,bulk_export,5.44,450.4,0.41,0
operator,3,0,29.2,compliant,HMI,1.16,69.0,0.14,0
auditor,18,6,47.2,compliant,PLC,5.15,79.5,0.8,1
engineer,17,5,149.4,compliant,historian,1.96,157.7,0.17,0
engineer,16,0,153.5,compliant,historian,6.39,161.4,0.06,0
auditor,0,2,46.5,compliant,historian,3.16,283.6,0.28,0
operator,9,1,29.7,compliant,HMI,4.98,71.9,0.14,0
operator,6,1,26.8,compliant,historian,5.46,71.8,0.32,0
engineer,13,0,437.4,compliant,config,2.62,274.6,0.37,1
operator,8,1,91.2,compliant,bulk_export,13.42,940.2,0.66,1
engineer,6,6,16.0,compliant,PLC,8.5,128.6,0.82,1
auditor,15,3,51.8,unknown,PLC,3.93,89.0,0.16,0
engineer,5,6,24.7,unknown,HMI,6.58,73.8,0.42,1
operator,11,4,15.0,unknown,historian,5.25,138.8,0.13,0
engineer,15,6,2.3,compliant,HMI,2.49,86.0,0.42,1
engineer,14,0,103.4,compliant,PLC,1.1,66.9,0.3,0
operator,22,0,13.4,compliant,HMI,5.61,87.6,0.16,1
engineer,15,0,111.7,compliant,HMI,4.59,28.9,0.42,0
engineer,17,5,6.1,compliant,historian,5.24,165.1,0.18,0
auditor,17,2,35.0,compliant,bulk_export,1.26,594.4,0.12,0
engineer,11,3,4.8,compliant,bulk_export,17.01,612.7,0.75,1
engineer,9,5,9.9,unknown,PLC,0.64,119.5,0.02,0
engineer,16,6,78.3,unknown,PLC,3.21,63.0,0.31,0
auditor,15,4,502.8,compliant,config,4.37,131.5,0.5,1
engineer,22,0,89.4,compliant,historian,1.26,107.4,0.3,1
operator,14,4,15.3,compliant,config,4.59,233.2,0.44,0
auditor,13,5,42.4,compliant,bulk_export,0.76,493.3,0.26,0
engineer,10,6,91.6,compliant,HMI,1.64,55.1,0.28,0
operator,0,1,17.3,unknown,historian,3.15,354.5,0.19,0
engineer,9,2,135.9,compliant,PLC,2.41,148.8,0.39,0
operator,12,2,25.7,compliant,HMI,0.74,97.1,0.15,0
auditor,13,0,17.7,unknown,HMI,1.34,74.7,0.33,0
auditor,20,5,43.2,compliant,bulk_export,3.69,536.8,0.82,1
operator,13,0,21.3,compliant,PLC,3.39,87.8,0.32,0
operator,13,0,26.9,compliant,historian,2.45,67.4,0.32,0
auditor,14,1,54.6,unknown,historian,5.75,52.4,0.08,0
engineer,7,1,92.7,compliant,bulk_export,3.46,664.0,0.04,1
engineer,9,1,116.4,compliant,PLC,1.41,154.2,0.16,0
auditor,10,0,2.5,compliant,historian,6.05,165.2,0.29,0
engineer,10,1,127.8,compliant,PLC,4.11,88.2,0.29,0
engineer,17,2,53.2,compliant,PLC,6.34,83.6,0.22,0
engineer,18,5,62.6,compliant,bulk_export,1.04,541.6,0.31,0
engineer,12,1,119.2,compliant,historian,5.27,364.1,0.27,0
engineer,13,4,86.6,unknown,PLC,3.2,159.7,0.24,0
auditor,12,0,56.8,compliant,bulk_export,2.81,268.8,0.14,0
auditor,11,4,57.5,compliant,HMI,4.43,67.0,0.22,1
auditor,14,4,18.3,compliant,HMI,3.73,100.7,0.28,0
auditor,17,1,17.1,compliant,PLC,1.61,116.1,0.2,0
operator,10,1,21.8,unknown,config,5.6,103.7,0.27,0
auditor,12,0,49.8,compliant,config,6.46,134.3,0.11,0
operator,18,2,13.2,unknown,HMI,4.55,109.9,0.45,0
operator,12,4,29.4,compliant,HMI,3.81,112.9,0.16,0
operator,10,0,5.3,compliant,config,0.61,252.8,0.21,0
operator,14,1,0.7,compliant,bulk_export,9.11,1099.9,0.76,1
auditor,16,6,52.2,compliant,bulk_export,3.77,618.5,0.18,0
auditor,17,2,16.2,compliant,bulk_export,0.91,500.4,0.06,0
auditor,17,4,6.0,compliant,bulk_export,5.11,254.6,0.35,0
auditor,16,3,55.2,unknown,PLC,5.52,95.1,0.28,0
operator,19,4,19.8,compliant,historian,3.38,92.4,0.25,0
engineer,11,2,54.8,compliant,historian,4.37,195.9,0.21,0
operator,7,1,35.9,compliant,HMI,0.69,75.2,0.02,0
operator,12,2,28.5,compliant,HMI,5.2,25.3,0.32,1
auditor,11,0,22.6,unknown,historian,2.19,78.2,0.28,0
engineer,14,2,121.8,compliant,historian,3.8,63.3,0.44,0
operator,15,1,32.3,unknown,historian,4.15,422.7,0.23,0
auditor,10,3,31.2,compliant,bulk_export,3.65,362.4,0.05,0
auditor,11,4,86.6,unknown,bulk_export,9.6,1455.2,0.69,1
operator,10,4,37.6,compliant,HMI,0.57,18.3,0.16,0
operator,17,3,33.5,compliant,bulk_export,1.97,568.7,0.28,0
operator,8,2,31.9,compliant,historian,1.0,167.9,0.03,0
auditor,19,4,37.8,compliant,config,7.29,74.8,0.47,1
operator,16,4,0.5,compliant,config,2.76,277.8,0.08,0
auditor,11,2,11.5,compliant,bulk_export,6.03,284.6,0.19,0
operator,16,2,39.7,compliant,HMI,3.45,48.6,0.26,0
auditor,13,5,20.0,compliant,historian,3.79,333.0,0.32,0
auditor,14,1,27.2,unknown,historian,4.51,223.5,0.12,0
auditor,17,3,54.5,compliant,config,2.36,250.4,0.03,0
auditor,11,1,42.6,compliant,bulk_export,2.66,279.2,0.4,0
operator,17,3,314.7,unknown,PLC,6.4,47.9,0.85,1
auditor,23,0,50.8,compliant,bulk_export,4.24,462.5,0.39,0
engineer,21,1,113.4,compliant,HMI,3.77,96.3,0.22,0
operator,18,0,189.5,unknown,historian,2.1,428.7,0.74,1
auditor,11,3,20.7,compliant,historian,1.7,305.6,0.38,0
engineer,17,2,127.8,compliant,historian,2.81,153.1,0.34,0
engineer,8,4,11.9,unknown,bulk_export,9.88,877.6,0.57,1
auditor,12,3,21.7,compliant,historian,4.6,130.5,0.06,0
auditor,10,1,41.3,compliant,config,1.69,226.8,0.02,0
operator,18,1,16.7,compliant,config,1.44,102.4,0.45,0
engineer,10,6,88.3,compliant,bulk_export,1.17,605.7,0.01,0
auditor,17,4,25.1,compliant,config,1.34,201.1,0.35,0
auditor,10,4,11.7,compliant,HMI,0.88,34.7,0.03,0
engineer,15,0,93.0,compliant,HMI,5.02,108.3,0.09,0
operator,5,4,31.9,compliant,config,6.02,156.8,0.6,1
auditor,14,0,29.8,compliant,historian,0.69,132.3,0.4,0
engineer,13,4,532.2,unknown,historian,4.34,113.2,0.59,1
auditor,15,4,56.9,unknown,HMI,1.74,108.6,0.1,0
auditor,17,0,9.7,compliant,config,1.39,246.1,0.34,1
operator,14,4,5.9,compliant,historian,4.27,109.7,0.08,0
auditor,14,0,84.1,unknown,bulk_export,14.95,415.5,0.71,1
engineer,8,0,70.6,compliant,historian,5.02,354.0,0.36,0
auditor,10,4,28.4,compliant,historian,2.57,261.8,0.32,0
operator,8,4,15.0,compliant,config,2.09,136.7,0.16,0
operator,14,1,30.6,compliant,HMI,4.09,55.6,0.44,0
engineer,13,0,107.7,compliant,HMI,6.31,30.9,0.37,1
engineer,11,3,15.8,unknown,bulk_export,4.04,434.0,0.43,0
operator,11,6,14.5,compliant,PLC,3.3,98.3,0.42,0
operator,10,1,12.5,compliant,HMI,3.23,71.9,0.24,0
operator,15,4,13.9,compliant,PLC,2.45,67.1,0.3,0
auditor,15,0,29.8,compliant,PLC,3.89,150.6,0.44,0
auditor,13,0,31.6,compliant,HMI,2.73,61.6,0.02,0
auditor,20,1,42.7,compliant,historian,9.64,173.4,0.78,1
operator,9,0,17.8,compliant,historian,2.96,163.0,0.2,0
engineer,12,2,47.2,compliant,PLC,1.89,132.6,0.4,0
auditor,9,4,8.7,compliant,bulk_export,1.07,644.0,0.24,0
operator,7,4,300.3,unknown,historian,6.95,147.3,0.83,1
engineer,17,5,31.5,unknown,PLC,4.31,73.1,0.01,1
engineer,16,1,125.3,compliant,historian,2.75,394.3,0.23,1
auditor,11,3,15.7,compliant,bulk_export,4.69,418.3,0.42,0
operator,7,2,16.4,compliant,HMI,2.82,92.6,0.17,0
auditor,11,1,27.6,compliant,bulk_export,1.0,592.1,0.23,0
auditor,15,0,22.9,compliant,bulk_export,3.98,202.4,0.25,1
engineer,10,5,16.5,compliant,historian,6.16,298.6,0.28,0
auditor,13,6,6.7,compliant,historian,1.74,204.0,0.27,0
operator,17,2,27.4,compliant,bulk_export,6.61,832.5,0.52,1
engineer,15,1,1.5,unknown,HMI,1.34,56.0,0.29,0
engineer,20,4,45.4,compliant,HMI,1.69,96.4,0.28,0
auditor,9,4,50.8,compliant,config,2.5,61.8,0.35,0
engineer,11,4,59.0,compliant,historian,0.66,411.8,0.21,0
auditor,15,1,3.7,compliant,bulk_export,3.17,412.4,0.07,0
auditor,15,1,42.9,unknown,HMI,2.7,88.7,0.3,1
auditor,10,1,19.4,compliant,historian,4.48,67.4,0.26,1
engineer,15,4,32.2,compliant,historian,3.17,141.4,0.1,1
auditor,10,4,37.7,compliant,historian,6.22,210.7,0.43,0
operator,13,6,36.2,compliant,HMI,4.71,80.1,0.29,1
operator,17,2,19.4,compliant,historian,5.0,310.8,0.3,0
operator,8,2,27.4,compliant,HMI,1.96,104.7,0.04,0
operator,10,4,19.4,unknown,historian,5.94,335.9,0.18,0
engineer,12,0,38.6,compliant,historian,3.91,134.6,0.01,0
auditor,14,1,23.1,compliant,PLC,3.13,191.6,0.1,0
operator,10,2,18.5,unknown,historian,1.24,138.8,0.28,0
operator,8,3,21.8,compliant,historian,4.92,60.9,0.06,0
auditor,9,3,10.6,compliant,config,1.38,76.7,0.05,1
auditor,21,0,24.0,compliant,historian,2.48,203.2,0.37,0
auditor,11,0,33.7,compliant,bulk_export,4.45,377.1,0.1,1
engineer,9,1,15.8,unknown,PLC,1.7,114.7,0.07,0
engineer,11,0,16.7,compliant,PLC,5.75,67.8,0.41,0
engineer,16,2,121.3,compliant,HMI,2.3,25.9,0.12,0
operator,13,0,13.1,compliant,PLC,3.02,121.9,0.22,0
operator,6,2,2.2,compliant,PLC,3.71,57.9,0.33,0
auditor,14,1,51.8,unknown,bulk_export,14.94,1320.5,0.88,1
engineer,10,5,62.9,compliant,PLC,1.19,32.3,0.17,0
operator,11,3,43.0,unknown,bulk_export,4.64,287.6,0.36,0
engineer,5,4,54.2,compliant,PLC,4.03,30.7,0.7,1
auditor,11,4,6.5,compliant,bulk_export,2.46,486.2,0.21,0
operator,7,3,32.6,compliant,HMI,3.84,48.9,0.22,0
operator,14,2,11.7,unknown,historian,1.53,328.1,0.35,0
operator,5,4,53.7,compliant,historian,5.3,380.7,0.69,1
operator,9,2,33.3,compliant,HMI,2.1,121.6,0.22,0
operator,7,6,17.7,compliant,historian,4.31,373.1,0.4,0
operator,11,0,26.3,compliant,HMI,4.24,41.9,0.33,0
operator,14,3,5.1,compliant,bulk_export,3.53,257.1,0.08,0
auditor,14,1,41.3,compliant,bulk_export,0.98,488.1,0.06,0
operator,8,3,2.6,unknown,bulk_export,21.93,1215.2,0.65,1
auditor,11,3,14.5,compliant,historian,1.27,87.3,0.28,0
auditor,11,0,97.4,compliant,bulk_export,15.53,915.7,0.84,1
operator,7,0,37.2,compliant,HMI,3.89,31.5,0.04,0
engineer,17,2,131.2,compliant,HMI,1.02,94.5,0.14,0
engineer,10,4,30.9,compliant,HMI,6.44,79.0,0.1,0
operator,13,1,25.3,compliant,historian,1.43,384.7,0.15,0
engineer,11,0,26.4,unknown,HMI,6.11,49.4,0.29,0
engineer,6,3,28.5,compliant,PLC,3.57,148.4,0.04,0
engineer,13,4,124.3,compliant,HMI,5.2,20.5,0.28,0
operator,13,0,252.7,unknown,historian,3.39,244.4,0.59,1
engineer,16,5,154.3,compliant,HMI,3.58,21.1,0.39,0
auditor,16,0,24.5,compliant,bulk_export,13.72,871.2,0.82,1
engineer,21,0,52.4,compliant,HMI,4.13,106.5,0.24,0
auditor,15,4,41.3,compliant,bulk_export,4.99,201.7,0.23,0
auditor,13,0,46.4,compliant,historian,2.3,66.1,0.41,0
auditor,2,1,39.5,compliant,PLC,4.11,88.3,0.31,0
auditor,11,2,13.4,compliant,config,1.84,93.6,0.1,0
operator,10,3,5.7,compliant,historian,3.06,146.2,0.32,0
auditor,17,4,43.9,compliant,historian,0.55,347.8,0.34,0
operator,18,0,306.2,unknown,config,4.97,139.6,0.56,1
engineer,15,0,109.5,compliant,HMI,5.05,80.1,0.15,0
engineer,13,4,128.6,unknown,HMI,1.18,79.5,0.44,1
engineer,13,2,45.9,compliant,bulk_export,1.02,646.3,0.23,0
operator,6,2,20.2,compliant,PLC,5.61,87.7,0.13,0
operator,9,4,8.7,compliant,PLC,4.29,55.1,0.21,0
operator,8,4,25.6,unknown,bulk_export,14.9,789.0,0.52,1
operator,8,0,22.3,compliant,historian,3.85,234.9,0.4,0
auditor,15,0,26.3,unknown,PLC,5.18,62.0,0.36,0
auditor,14,4,27.7,compliant,config,4.73,185.8,0.2,0
auditor,16,1,0.4,compliant,PLC,2.44,31.8,0.25,0
auditor,13,1,0.3,compliant,HMI,1.05,28.6,0.07,0
engineer,22,1,87.6,compliant,historian,4.35,168.9,0.29,0
auditor,17,0,41.5,compliant,HMI,1.41,50.2,0.19,0
engineer,13,6,90.3,compliant,bulk_export,4.51,739.6,0.0,0
engineer,16,2,129.1,compliant,HMI,4.71,23.4,0.03,0
engineer,15,1,0.4,compliant,HMI,3.17,48.5,0.24,1
auditor,14,4,14.7,unknown,config,5.05,101.8,0.27,1
operator,6,1,38.8,compliant,historian,1.26,224.1,0.18,0
operator,19,2,37.0,compliant,bulk_export,6.68,507.2,0.61,1
operator,10,4,457.3,compliant,historian,5.15,101.8,0.63,0
engineer,19,6,8.0,compliant,historian,9.73,339.1,0.83,1
engineer,6,1,11.8,compliant,HMI,5.53,90.5,0.2,0
engineer,13,2,137.7,unknown,historian,2.3,67.8,0.34,0
operator,7,0,0.7,compliant,HMI,3.98,83.4,0.36,0
engineer,19,5,1.5,compliant,bulk_export,7.66,488.9,0.56,1
auditor,11,0,24.7,unknown,historian,2.6,274.2,0.25,1
operator,13,2,7.2,compliant,PLC,1.53,136.9,0.2,0
auditor,13,4,4.6,compliant,bulk_export,1.19,279.1,0.19,0
engineer,10,2,364.1,unknown,historian,6.5,390.1,0.69,1
engineer,10,3,144.1,compliant,historian,0.72,197.7,0.21,0
auditor,15,1,1.5,unknown,config,4.7,143.9,0.32,0
auditor,14,1,60.2,compliant,HMI,2.05,84.8,0.08,0
engineer,15,4,56.2,compliant,PLC,3.44,107.9,0.31,0
operator,10,6,36.3,compliant,historian,0.76,170.8,0.1,0
auditor,15,2,14.8,compliant,bulk_export,4.09,288.5,0.12,0
auditor,16,0,50.0,compliant,config,3.28,310.2,0.14,0
operator,12,2,24.4,compliant,HMI,5.01,45.6,0.19,0
auditor,14,0,14.6,compliant,bulk_export,4.19,383.5,0.1,0
engineer,11,2,132.5,compliant,historian,3.72,301.3,0.07,0
engineer,9,0,326.5,compliant,PLC,7.44,45.4,0.39,1
auditor,12,2,8.2,compliant,bulk_export,5.82,631.2,0.16,0
engineer,14,4,143.5,compliant,config,3.17,233.4,0.03,1
operator,21,1,33.1,compliant,config,7.52,175.7,0.41,0
auditor,13,3,30.2,compliant,bulk_export,4.04,229.6,0.14,0
operator,6,0,13.1,compliant,historian,6.64,118.9,0.4,0
engineer,15,2,27.9,compliant,config,0.44,186.0,0.38,0
operator,6,3,39.2,compliant,historian,2.97,132.9,0.17,0
operator,5,1,26.9,compliant,PLC,6.18,37.6,0.05,1
engineer,8,4,46.6,compliant,bulk_export,7.29,888.7,0.56,1
operator,10,1,13.2,compliant,HMI,3.54,113.3,0.19,0
engineer,13,2,37.1,compliant,config,3.64,199.9,0.25,0
engineer,11,4,151.3,unknown,HMI,3.53,51.5,0.35,0
operator,11,1,21.2,compliant,historian,5.48,143.7,0.01,0
engineer,8,2,90.9,compliant,historian,2.37,145.8,0.02,0
operator,0,3,9.6,compliant,config,4.22,141.3,0.37,0
auditor,14,4,48.0,unknown,bulk_export,13.02,1519.1,0.58,1
auditor,15,0,1.9,compliant,bulk_export,3.42,320.2,0.35,0
operator,17,4,321.2,unknown,historian,5.94,433.6,0.51,1
operator,9,4,38.6,compliant,HMI,3.07,60.2,0.01,0
operator,9,2,43.9,compliant,historian,0.68,338.4,0.4,0
operator,18,0,63.6,unknown,bulk_export,8.86,1160.1,0.66,1
operator,4,3,42.1,compliant,HMI,1.91,22.6,0.73,1
auditor,16,1,50.5,compliant,config,4.6,72.2,0.09,0
engineer,13,0,159.3,compliant,historian,5.1,282.9,0.37,0
engineer,12,0,48.3,compliant,historian,3.58,329.5,0.15,0
auditor,15,1,20.7,compliant,config,0.69,207.5,0.16,0
operator,12,3,41.9,compliant,historian,5.78,69.6,0.11,0
engineer,13,4,77.0,compliant,bulk_export,1.09,333.6,0.34,0
auditor,15,0,3.6,compliant,config,3.1,246.7,0.29,0
operator,9,2,3.2,compliant,PLC,1.95,61.4,0.24,0
operator,13,4,31.7,compliant,PLC,2.55,125.7,0.07,0
operator,14,0,31.3,compliant,config,4.59,125.7,0.3,0
auditor,17,5,45.2,compliant,HMI,3.75,38.2,0.03,0
operator,11,3,16.9,compliant,HMI,4.76,34.3,0.44,0
auditor,23,3,41.8,compliant,bulk_export,3.81,656.7,0.0,0
operator,18,2,1.5,unknown,HMI,5.53,92.8,0.17,0
engineer,11,0,124.6,compliant,historian,5.26,334.1,0.22,0
auditor,11,1,18.7,compliant,config,3.34,233.5,0.31,0
auditor,17,0,16.5,compliant,historian,3.86,105.3,0.39,0
auditor,14,2,44.8,unknown,bulk_export,4.98,704.6,0.72,1
auditor,14,4,37.1,compliant,historian,4.12,303.9,0.19,0
operator,11,1,635.1,compliant,PLC,2.4,71.4,0.53,1
engineer,7,2,132.3,unknown,historian,3.82,379.8,0.03,0
engineer,16,0,42.5,compliant,HMI,1.99,79.2,0.06,0
auditor,11,3,25.5,compliant,bulk_export,1.82,365.5,0.31,0
operator,10,2,7.5,compliant,historian,6.45,310.3,0.07,0
operator,7,3,38.0,unknown,PLC,5.16,130.6,0.11,0
engineer,4,0,14.6,compliant,config,1.4,261.0,0.04,0
auditor,12,0,41.1,compliant,bulk_export,6.03,449.2,0.3,0
operator,17,4,19.7,unknown,PLC,4.12,142.0,0.04,0
auditor,17,0,46.1,compliant,config,1.1,87.1,0.12,0
auditor,10,0,23.8,compliant,HMI,4.44,35.3,0.37,0
operator,10,3,6.8,unknown,HMI,1.37,43.9,0.09,0
auditor,17,4,11.6,compliant,historian,2.63,178.6,0.15,0
engineer,16,4,517.1,unknown,config,5.41,112.2,0.61,1
auditor,15,1,5.4,compliant,HMI,1.77,38.1,0.25,0
operator,10,1,54.2,unknown,bulk_export,18.59,876.5,0.59,1
engineer,7,1,49.1,unknown,HMI,7.31,91.7,0.73,1
auditor,14,1,60.1,compliant,config,5.13,93.9,0.07,0
operator,14,0,18.3,unknown,historian,1.61,143.9,0.42,0
engineer,14,4,69.0,compliant,PLC,1.81,156.5,0.43,0
auditor,16,1,18.2,unknown,bulk_export,6.95,504.7,0.94,1
engineer,14,1,37.8,unknown,bulk_export,7.95,1089.6,0.96,1
auditor,15,4,155.9,compliant,config,7.58,186.4,0.58,1
operator,13,1,310.2,compliant,config,2.59,204.5,0.41,1
engineer,16,3,36.1,compliant,PLC,3.01,143.8,0.24,0
operator,17,0,35.2,compliant,historian,4.68,403.1,0.3,0
auditor,3,1,7.4,compliant,historian,0.53,220.3,0.22,0
engineer,17,3,25.5,compliant,bulk_export,18.05,1110.6,0.69,1
engineer,6,5,9.3,unknown,bulk_export,7.68,588.9,0.69,1
auditor,12,3,39.9,compliant,PLC,2.02,78.0,0.39,1
operator,9,2,0.1,compliant,PLC,1.02,119.9,0.18,0
auditor,15,0,5.5,compliant,bulk_export,4.78,297.1,0.11,0
engineer,16,4,101.1,compliant,PLC,2.09,34.0,0.07,0
engineer,15,3,6.9,compliant,bulk_export,13.95,1309.6,0.77,1
engineer,14,4,366.9,unknown,historian,2.84,326.1,0.71,1
engineer,11,4,58.2,compliant,PLC,3.31,57.6,0.42,0
engineer,10,2,112.8,compliant,HMI,5.57,118.1,0.09,1
operator,11,3,23.6,unknown,historian,4.31,178.6,0.2,0
auditor,11,1,43.9,compliant,HMI,4.59,109.2,0.17,0
auditor,13,3,45.1,compliant,bulk_export,4.51,383.9,0.18,0
operator,7,2,27.0,compliant,PLC,2.61,36.6,0.27,0
auditor,5,2,63.6,compliant,historian,2.44,357.1,0.18,0
operator,21,6,34.7,compliant,historian,6.28,344.9,0.07,0
engineer,15,6,49.2,compliant,PLC,0.98,67.2,0.3,0
auditor,16,3,57.8,compliant,historian,1.86,185.5,0.33,0
engineer,14,6,115.5,compliant,historian,1.4,73.5,0.31,0
auditor,20,1,19.8,compliant,config,5.5,116.5,0.57,1
operator,18,4,11.6,compliant,HMI,4.37,34.3,0.17,0
operator,12,4,13.6,compliant,historian,1.52,173.0,0.02,0
auditor,10,1,21.9,compliant,bulk_export,18.26,1096.8,0.57,0
auditor,16,4,35.1,compliant,historian,0.74,303.2,0.16,0
auditor,11,6,0.2,compliant,bulk_export,3.54,495.2,0.1,0
auditor,11,1,39.0,unknown,config,3.48,128.3,0.44,0
operator,12,6,19.1,compliant,config,4.09,87.0,0.41,1
engineer,9,0,32.0,compliant,historian,0.99,264.9,0.17,0
operator,6,4,309.9,compliant,PLC,1.53,61.9,0.39,1
auditor,13,0,45.2,compliant,HMI,3.56,106.7,0.22,0
auditor,16,0,41.2,unknown,historian,4.71,313.6,0.4,0
auditor,7,3,30.8,unknown,historian,6.59,75.9,0.79,1
auditor,11,3,2.5,compliant,config,4.15,228.3,0.11,1
operator,8,6,8.1,compliant,historian,2.97,349.8,0.19,1
engineer,8,2,109.3,compliant,bulk_export,6.36,513.6,0.27,0
auditor,7,3,56.8,unknown,bulk_export,4.28,226.2,0.74,1
operator,21,2,28.9,compliant,PLC,4.69,40.1,0.18,1
auditor,15,1,47.3,compliant,config,5.47,247.8,0.41,0
engineer,13,3,113.1,compliant,historian,1.85,359.1,0.02,0
operator,14,4,22.0,compliant,historian,4.82,178.3,0.14,0
operator,15,2,23.7,compliant,historian,5.67,115.0,0.23,0
engineer,16,3,66.2,compliant,historian,3.95,144.1,0.21,0
auditor,15,0,15.7,compliant,PLC,1.92,83.3,0.38,1
engineer,18,0,1.9,unknown,historian,6.54,69.5,0.41,1
operator,8,2,129.8,compliant,config,2.55,324.0,0.89,1
engineer,15,0,116.7,compliant,bulk_export,5.09,545.1,0.28,0
auditor,15,5,16.0,compliant,historian,2.78,134.4,0.39,0
engineer,10,4,58.1,compliant,bulk_export,16.15,1597.5,0.96,1
engineer,10,2,109.9,compliant,PLC,3.98,41.7,0.15,0
auditor,10,1,460.2,compliant,historian,4.5,308.2,0.8,1
engineer,16,0,8.7,compliant,PLC,0.8,45.8,0.33,0
engineer,13,0,155.3,unknown,config,5.19,307.1,0.36,1
auditor,12,4,22.7,compliant,config,5.13,298.0,0.11,0
auditor,17,1,31.9,compliant,config,1.27,229.8,0.32,0
auditor,17,0,40.6,unknown,config,2.7,225.4,0.17,1
operator,21,1,26.4,compliant,PLC,0.6,96.2,0.3,0
auditor,16,1,55.0,compliant,config,5.04,106.7,0.19,0
auditor,15,1,40.1,compliant,historian,2.81,282.9,0.18,0
engineer,15,4,28.9,compliant,historian,3.73,373.1,0.44,0
auditor,12,5,31.6,compliant,bulk_export,5.95,560.1,0.0,0
engineer,10,5,31.9,compliant,historian,2.5,406.0,0.19,0
operator,8,3,21.7,unknown,historian,1.16,290.6,0.01,0
engineer,9,3,96.0,compliant,historian,3.51,283.0,0.08,0
engineer,15,0,53.5,compliant,historian,0.9,180.8,0.08,0
auditor,13,1,40.2,compliant,config,2.43,189.1,0.08,0
operator,15,1,11.4,compliant,HMI,1.95,121.2,0.31,0
engineer,12,4,24.6,compliant,historian,1.7,233.3,0.08,0
operator,9,2,46.8,compliant,bulk_export,11.08,962.7,0.76,1
auditor,13,2,52.6,compliant,HMI,2.93,92.2,0.45,0
engineer,20,2,132.1,unknown,HMI,3.66,103.4,0.43,0
operator,8,5,28.1,compliant,PLC,0.76,173.8,0.21,0
operator,16,1,13.2,compliant,PLC,6.56,151.1,0.3,0
operator,15,3,396.7,compliant,historian,2.26,287.1,0.71,1
auditor,12,0,63.7,unknown,bulk_export,2.26,299.5,0.02,0
auditor,23,0,38.9,compliant,bulk_export,4.47,253.2,0.28,0
engineer,0,4,113.6,compliant,historian,4.66,222.3,0.34,0
operator,14,2,5.6,compliant,HMI,5.5,59.1,0.06,0
operator,17,3,2.2,unknown,bulk_export,16.51,1012.8,0.92,1
engineer,17,3,128.2,unknown,historian,1.11,77.6,0.05,0
auditor,14,4,14.9,compliant,HMI,6.29,24.9,0.07,0
engineer,9,1,14.4,compliant,PLC,2.03,47.8,0.41,0
engineer,15,3,47.2,unknown,HMI,4.01,52.7,0.26,0
engineer,15,2,118.6,compliant,historian,1.84,372.4,0.15,0
engineer,14,2,107.4,compliant,HMI,2.18,74.4,0.33,0
auditor,15,2,44.9,compliant,bulk_export,0.89,526.4,0.09,0
auditor,14,1,50.8,compliant,historian,6.72,72.3,0.32,0
auditor,10,4,29.3,compliant,bulk_export,0.92,182.1,0.22,0
engineer,14,4,67.3,compliant,PLC,3.29,72.5,0.32,0
auditor,15,0,20.6,compliant,config,2.15,244.4,0.11,0
operator,2,3,7.4,compliant,HMI,4.02,35.5,0.12,0
operator,4,4,24.7,compliant,historian,2.99,86.5,0.3,0
engineer,17,0,17.8,compliant,historian,4.33,180.2,0.17,0
engineer,10,3,181.5,unknown,config,1.38,144.9,0.73,1
auditor,13,0,59.9,compliant,bulk_export,6.0,544.1,0.25,0
operator,16,3,551.2,unknown,historian,3.14,366.6,0.53,1
engineer,5,3,22.0,compliant,historian,7.45,205.0,0.61,1
auditor,12,2,38.5,compliant,config,3.6,224.6,0.42,0
engineer,17,5,83.3,compliant,config,0.82,165.0,0.43,0
operator,14,6,27.4,unknown,PLC,3.17,53.0,0.05,0
operator,8,5,1.6,compliant,historian,5.14,136.4,0.13,0
engineer,20,3,42.0,unknown,HMI,8.76,93.2,0.57,1
engineer,14,1,149.7,compliant,bulk_export,5.25,464.3,0.05,0
engineer,16,1,29.8,unknown,bulk_export,6.18,1129.3,0.88,1
operator,12,3,9.9,compliant,historian,1.85,386.5,0.11,0
auditor,12,5,2.0,compliant,bulk_export,4.79,484.3,0.08,0
auditor,9,4,47.9,compliant,config,3.47,152.3,0.41,0
engineer,11,2,92.3,compliant,historian,5.48,159.4,0.06,0
auditor,18,3,47.8,unknown,PLC,7.5,133.3,0.64,1
operator,8,1,16.7,compliant,PLC,0.89,162.4,0.04,0
operator,4,0,15.5,compliant,historian,5.79,262.4,0.25,0
operator,4,3,24.9,compliant,HMI,2.13,68.6,0.05,0
engineer,15,0,71.0,compliant,config,1.21,154.4,0.22,0
auditor,15,2,30.7,unknown,PLC,4.34,55.4,0.02,0
auditor,9,5,17.3,unknown,config,3.7,282.0,0.22,0
engineer,17,0,156.6,compliant,config,3.14,59.9,0.27,0
engineer,8,1,9.3,compliant,historian,3.99,100.7,0.15,0
auditor,12,4,91.5,unknown,bulk_export,11.03,819.7,1.0,1
operator,10,0,25.7,compliant,config,6.15,184.3,0.08,0
operator,10,2,20.8,compliant,historian,2.32,88.8,0.26,0
auditor,17,2,14.1,compliant,PLC,2.62,37.7,0.17,0
operator,13,0,15.2,compliant,PLC,5.72,42.6,0.39,0
engineer,13,4,54.9,compliant,PLC,4.7,42.4,0.06,0
engineer,5,1,62.5,compliant,PLC,2.31,68.2,0.32,1
operator,10,4,23.9,compliant,PLC,1.02,73.4,0.21,1
engineer,15,0,95.7,compliant,HMI,2.95,46.6,0.3,0
operator,16,5,19.0,compliant,historian,1.95,208.4,0.22,0
operator,7,0,9.5,compliant,HMI,5.73,55.4,0.03,0
auditor,12,0,43.3,unknown,bulk_export,13.48,1196.1,0.82,1
operator,15,3,488.3,compliant,HMI,1.98,37.0,0.49,1
auditor,13,3,54.5,compliant,historian,1.54,436.2,0.44,0
auditor,11,2,17.7,compliant,bulk_export,0.8,380.7,0.37,0
operator,6,1,33.9,compliant,PLC,1.04,65.0,0.19,0
auditor,15,6,19.8,compliant,HMI,0.55,93.7,0.3,0
auditor,12,6,33.8,compliant,bulk_export,1.31,593.3,0.27,0
engineer,18,1,30.1,compliant,HMI,4.77,42.7,0.75,1
auditor,12,4,31.0,compliant,config,2.18,272.8,0.43,0
engineer,18,2,15.7,compliant,config,7.61,248.3,0.81,1
auditor,15,3,54.2,unknown,HMI,0.5,50.3,0.03,0
operator,12,1,5.1,compliant,bulk_export,4.1,250.6,0.17,0
operator,12,1,19.7,unknown,HMI,3.57,128.9,0.17,0
engineer,15,1,27.2,compliant,PLC,1.7,47.8,0.04,0
auditor,11,1,430.4,unknown,config,5.99,101.3,0.4,1
auditor,17,3,32.3,compliant,PLC,1.5,106.7,0.21,0
engineer,9,3,102.2,compliant,HMI,1.38,60.0,0.12,0
operator,7,2,10.0,compliant,PLC,4.26,171.8,0.11,0
engineer,11,4,119.4,compliant,historian,3.5,108.4,0.3,0
auditor,16,0,12.3,compliant,HMI,5.61,35.4,0.01,0
engineer,9,1,77.0,compliant,PLC,2.86,149.7,0.23,0
engineer,9,2,15.4,unknown,PLC,4.84,40.2,0.13,0
auditor,16,2,51.4,compliant,bulk_export,6.04,415.5,0.14,0
engineer,12,2,73.2,unknown,bulk_export,12.0,1168.8,0.53,1
operator,10,4,5.7,compliant,PLC,2.82,81.8,0.15,0
operator,8,3,11.2,compliant,historian,3.73,281.4,0.02,0
engineer,14,4,129.6,unknown,PLC,3.65,117.6,0.33,0
auditor,16,0,46.1,unknown,bulk_export,3.97,400.6,0.33,0
auditor,9,3,44.2,compliant,bulk_export,3.62,358.3,0.27,0
auditor,10,0,4.3,compliant,historian,6.02,149.0,0.21,0
engineer,20,3,36.7,unknown,PLC,6.04,65.3,0.72,1
auditor,15,0,12.6,compliant,HMI,3.28,125.2,0.41,0
engineer,9,0,157.3,compliant,config,5.98,302.9,0.09,0
auditor,9,2,3.0,compliant,bulk_export,2.75,636.5,0.04,0
auditor,11,3,60.1,compliant,config,1.25,184.6,0.23,0
auditor,17,2,29.6,compliant,bulk_export,3.68,551.2,0.04,0
operator,9,0,27.3,compliant,HMI,4.25,86.7,0.05,1
operator,11,1,30.0,compliant,historian,2.21,324.7,0.36,0
auditor,13,3,19.2,compliant,bulk_export,2.35,710.0,0.35,0
auditor,16,3,397.2,unknown,PLC,1.76,91.2,0.37,1
auditor,6,4,61.7,unknown,historian,4.26,251.4,0.44,1
engineer,11,0,30.2,compliant,PLC,4.32,118.2,0.31,0
auditor,10,0,68.4,compliant,bulk_export,3.52,533.0,0.15,0
operator,20,3,34.8,compliant,PLC,2.14,147.6,0.22,0
engineer,8,5,51.0,compliant,config,3.33,118.3,0.13,0
operator,10,4,543.0,unknown,PLC,1.6,95.7,0.68,1
operator,14,3,29.7,compliant,PLC,1.2,84.6,0.16,0
operator,20,0,17.2,compliant,historian,4.07,299.3,0.55,1
engineer,17,3,103.1,compliant,historian,3.51,188.0,0.36,0
operator,18,1,44.3,compliant,HMI,5.23,84.0,0.08,1
operator,9,3,32.3,compliant,historian,4.7,66.8,0.06,0
operator,13,2,56.7,compliant,bulk_export,15.08,1287.1,0.77,1
engineer,11,1,92.8,compliant,historian,3.17,235.9,0.44,0
operator,18,1,2.6,unknown,historian,2.76,344.0,0.06,0
engineer,11,0,107.8,compliant,bulk_export,1.0,491.0,0.06,0
engineer,14,0,17.9,compliant,PLC,3.37,47.7,0.4,0
engineer,4,3,2.1,compliant,HMI,4.11,128.5,0.23,0
engineer,17,0,52.3,compliant,config,4.93,311.1,0.11,0
operator,15,3,22.1,compliant,PLC,3.27,114.6,0.21,0
operator,14,0,293.7,compliant,config,1.29,127.2,0.84,1
auditor,14,6,16.8,compliant,historian,3.65,288.9,0.31,0
operator,11,3,34.3,compliant,historian,1.18,228.9,0.29,0
auditor,14,4,14.7,compliant,bulk_export,0.48,383.0,0.35,1
auditor,16,1,232.1,compliant,config,3.2,291.9,0.85,1
engineer,15,3,18.7,compliant,historian,5.07,395.4,0.06,0
auditor,17,2,315.1,compliant,config,5.56,92.0,0.77,1
auditor,6,4,25.2,unknown,config,1.52,164.9,0.18,0
auditor,11,1,42.0,compliant,bulk_export,1.02,364.3,0.34,0
engineer,14,4,31.8,unknown,bulk_export,4.94,768.0,0.73,1
engineer,15,4,78.3,compliant,config,1.0,200.0,0.17,0
engineer,13,4,1.0,compliant,historian,1.84,192.9,0.01,0
auditor,15,5,64.4,compliant,bulk_export,4.13,338.3,0.41,0
engineer,8,4,154.6,compliant,HMI,2.02,73.2,0.04,0
engineer,9,2,47.2,compliant,config,3.04,88.8,0.33,0
engineer,11,4,40.3,compliant,HMI,3.76,103.7,0.02,0
operator,6,2,8.6,unknown,historian,3.06,360.8,0.14,0
auditor,20,5,49.0,compliant,config,3.58,130.3,0.59,1
engineer,11,1,26.9,compliant,PLC,1.03,60.7,0.28,0
engineer,13,1,145.3,compliant,historian,2.38,250.4,0.62,1
operator,22,1,35.7,unknown,historian,5.51,133.6,0.44,0
operator,18,2,42.9,compliant,historian,2.41,187.0,0.32,0
engineer,16,1,593.5,compliant,HMI,2.43,58.1,0.57,1
auditor,17,0,28.0,unknown,historian,2.06,164.3,0.19,0
operator,13,3,6.9,compliant,config,2.41,240.0,0.15,0
operator,13,1,0.3,compliant,historian,2.76,114.8,0.12,0
auditor,12,0,24.2,unknown,bulk_export,13.19,1130.8,0.54,0
operator,11,2,52.8,compliant,bulk_export,13.46,550.3,0.87,1
auditor,8,4,37.4,compliant,HMI,5.52,89.3,0.44,1
engineer,20,3,60.1,compliant,PLC,2.96,82.3,0.13,1
engineer,7,2,31.6,compliant,HMI,3.65,55.1,0.44,0
operator,18,4,42.0,unknown,bulk_export,6.27,477.2,0.72,1
operator,17,5,26.8,compliant,HMI,1.35,124.0,0.25,0
auditor,17,1,44.5,compliant,historian,0.88,203.7,0.04,0
operator,5,0,36.3,compliant,PLC,7.18,74.7,0.5,1
engineer,14,1,166.8,compliant,HMI,2.72,99.9,0.06,0
auditor,9,6,6.8,compliant,bulk_export,1.6,464.8,0.07,0
engineer,10,4,80.5,compliant,bulk_export,17.9,590.5,0.59,0
auditor,12,2,32.8,compliant,historian,6.18,201.7,0.22,0
auditor,14,2,57.6,compliant,bulk_export,3.77,233.8,0.39,0
auditor,15,0,37.7,unknown,bulk_export,9.25,675.5,0.93,1
engineer,11,4,14.5,compliant,PLC,3.72,37.9,0.08,0
auditor,15,1,30.9,compliant,config,4.58,219.2,0.01,0
engineer,10,1,106.3,compliant,bulk_export,3.0,509.1,0.17,0
operator,15,3,3.6,unknown,historian,4.68,141.7,0.07,0
operator,2,4,5.8,unknown,bulk_export,4.2,532.0,0.44,1
auditor,0,6,49.9,unknown,bulk_export,2.65,655.2,0.35,0
auditor,11,3,14.6,compliant,bulk_export,5.71,539.8,0.2,0
operator,8,2,30.0,compliant,PLC,4.74,37.9,0.34,0
operator,13,0,18.4,unknown,historian,1.71,428.4,0.03,0
auditor,11,0,19.0,compliant,historian,3.96,270.3,0.37,0
operator,16,0,3.3,unknown,PLC,0.78,36.2,0.17,0
operator,14,0,32.0,compliant,PLC,0.87,87.2,0.21,0
operator,3,6,13.7,compliant,HMI,1.65,107.2,0.25,0
auditor,10,4,93.1,unknown,bulk_export,9.25,512.4,0.84,0
operator,14,0,25.5,compliant,PLC,1.58,81.4,0.28,0
engineer,8,1,10.5,compliant,config,3.94,148.5,0.15,0
auditor,5,0,48.7,compliant,bulk_export,2.82,412.9,0.31,1
auditor,9,0,55.2,unknown,historian,2.86,329.3,0.25,0
engineer,20,5,10.7,unknown,config,9.01,140.8,0.61,1
engineer,15,3,69.9,unknown,historian,5.0,220.1,0.33,0
engineer,9,3,12.2,unknown,historian,2.19,88.0,0.37,1
engineer,8,0,34.6,unknown,HMI,3.19,68.2,0.1,0
operator,16,0,24.5,compliant,historian,2.24,233.9,0.29,0
engineer,11,1,1.1,compliant,bulk_export,15.62,869.1,0.78,1
auditor,11,1,38.3,compliant,historian,2.54,322.2,0.44,0
auditor,16,2,456.8,compliant,HMI,2.3,114.1,0.54,1
auditor,14,3,50.1,compliant,config,3.18,174.0,0.36,0
auditor,11,4,44.8,compliant,bulk_export,4.22,590.2,0.36,0
operator,23,0,13.0,compliant,config,3.47,206.1,0.05,1
auditor,16,0,40.6,compliant,historian,4.58,196.7,0.24,0
engineer,13,0,89.9,unknown,bulk_export,11.32,537.8,0.97,1
auditor,9,3,0.6,compliant,PLC,1.63,142.8,0.42,1
engineer,9,2,74.0,unknown,bulk_export,13.38,913.3,0.62,1
operator,11,3,60.3,unknown,bulk_export,19.59,1131.4,0.82,1
auditor,12,4,25.6,compliant,bulk_export,2.92,240.5,0.04,0
engineer,10,0,129.1,compliant,historian,1.03,250.1,0.45,0
auditor,17,2,187.0,compliant,HMI,5.54,86.4,0.61,1
engineer,15,3,84.9,compliant,PLC,3.31,111.3,0.27,0
engineer,15,2,98.7,compliant,PLC,2.66,134.1,0.32,1
operator,7,0,29.4,compliant,HMI,5.14,72.9,0.25,0
operator,11,4,17.7,compliant,PLC,1.51,173.1,0.06,0
operator,19,5,15.3,unknown,historian,7.69,339.2,0.84,1
auditor,16,2,1.0,compliant,PLC,3.99,107.7,0.45,0
